Price,Adj Close,Close,High,Low,Open,Volume
Ticker,7128.T,7128.T,7128.T,7128.T,7128.T,7128.T
Date,,,,,,
2021-10-01,2043.35693359375,2181.0,2438.0,2150.0,2438.0,34700
2021-10-04,2028.36669921875,2165.0,2265.0,2165.0,2181.0,42500
2021-10-05,1974.9642333984375,2108.0,2165.0,2090.0,2165.0,18900
2021-10-06,1951.5418701171875,2083.0,2115.0,2080.0,2095.0,37000
2021-10-07,1881.275146484375,2008.0,2072.0,1986.0,2072.0,54900
2021-10-08,1846.6102294921875,1971.0,2061.0,1959.0,1997.0,35600
2021-10-11,1908.4449462890625,2037.0,2053.0,1934.0,1958.0,29700
2021-10-12,1815.69287109375,1938.0,2000.0,1923.0,1987.0,31400
2021-10-13,1815.69287109375,1938.0,1938.0,1883.0,1911.0,27700
2021-10-14,1785.71240234375,1906.0,1911.0,1863.0,1900.0,19800
2021-10-15,1814.7559814453125,1937.0,1943.0,1867.0,1896.0,24600
2021-10-18,1836.304443359375,1960.0,1960.0,1880.0,1934.0,28400
2021-10-19,1864.4111328125,1990.0,1990.0,1952.0,1978.0,5200
2021-10-20,1883.14892578125,2010.0,2054.0,1989.0,1990.0,28000
2021-10-21,1861.6005859375,1987.0,2011.0,1976.0,2011.0,17300
2021-10-22,1851.2947998046875,1976.0,1991.0,1969.0,1980.0,20400
2021-10-25,1859.7266845703125,1985.0,1989.0,1948.0,1952.0,19700
2021-10-26,1869.095703125,1995.0,2024.0,1985.0,1985.0,13000
2021-10-27,1830.6832275390625,1954.0,2010.0,1954.0,1976.0,11300
2021-10-28,1864.4111328125,1990.0,2020.0,1911.0,1947.0,46500
2021-10-29,1885.0228271484375,2012.0,2032.0,1985.0,2030.0,16000
2021-11-01,1966.5322265625,2099.0,2105.0,2020.0,2050.0,18300
2021-11-02,1910.318603515625,2039.0,2100.0,2039.0,2100.0,11100
2021-11-04,1900.012939453125,2028.0,2054.0,2020.0,2040.0,15900
2021-11-05,1903.760498046875,2032.0,2070.0,1988.0,2016.0,15400
2021-11-08,1860.66357421875,1986.0,2005.0,1986.0,2005.0,15300
2021-11-09,1871.90625,1998.0,2032.0,1985.0,1986.0,13700
2021-11-10,1906.5711669921875,2035.0,2037.0,1996.0,2037.0,11200
2021-11-11,1894.3917236328125,2022.0,2030.0,2011.0,2029.0,8200
2021-11-12,1927.1827392578125,2057.0,2145.0,2025.0,2030.0,24900
2021-11-15,1880.3382568359375,2007.0,2096.0,1992.0,2057.0,7100
2021-11-16,1909.3819580078125,2038.0,2053.0,1991.0,1991.0,16000
2021-11-17,1930.9305419921875,2061.0,2200.0,2061.0,2079.0,31300
2021-11-18,1920.6246337890625,2050.0,2120.0,2022.0,2061.0,21800
2021-11-19,1939.362548828125,2070.0,2091.0,2048.0,2048.0,16500
2021-11-22,1939.362548828125,2070.0,2100.0,2060.0,2085.0,12300
2021-11-24,1933.7408447265625,2064.0,2101.0,2062.0,2070.0,14200
2021-11-25,1920.6246337890625,2050.0,2085.0,2050.0,2060.0,12100
2021-11-26,1888.7703857421875,2016.0,2071.0,2004.0,2056.0,29100
2021-11-29,1880.3382568359375,2007.0,2048.0,1990.0,2016.0,33700
2021-11-30,1872.84326171875,1999.0,2078.0,1994.0,2030.0,32000
2021-12-01,1856.9161376953125,1982.0,2028.0,1957.0,1966.0,14200
2021-12-02,1873.7801513671875,2000.0,2039.0,1982.0,1982.0,22500
2021-12-03,1912.192626953125,2041.0,2060.0,1990.0,2000.0,25200
2021-12-06,1862.5374755859375,1988.0,2057.0,1981.0,2046.0,31300
2021-12-07,1995.5758056640625,2130.0,2130.0,2009.0,2021.0,21800
2021-12-08,1990.8912353515625,2125.0,2125.0,2061.0,2120.0,33300
2021-12-09,2007.75537109375,2143.0,2151.0,2090.0,2104.0,29000
2021-12-10,2001.1971435546875,2136.0,2144.0,2097.0,2097.0,53900
2021-12-13,2014.3135986328125,2150.0,2163.0,2098.0,2117.0,26400
2021-12-14,2035.862060546875,2173.0,2183.0,2121.0,2150.0,22400
2021-12-15,2071.4638671875,2211.0,2229.0,2162.0,2222.0,34600
2021-12-16,2106.128662109375,2248.0,2267.0,2200.0,2210.0,45800
2021-12-17,2075.211669921875,2215.0,2266.0,2196.0,2214.0,78700
2021-12-20,2018.998291015625,2155.0,2200.0,2152.0,2181.0,56300
2021-12-21,2041.483642578125,2179.0,2214.0,2140.0,2165.0,50900
2021-12-22,2048.041748046875,2186.0,2213.0,2157.0,2179.0,51300
2021-12-23,2092.07568359375,2233.0,2235.0,2180.0,2186.0,57500
2021-12-24,2108.939697265625,2251.0,2270.0,2225.0,2261.0,232800
2021-12-27,2051.789306640625,2190.0,2253.0,2183.0,2251.0,124900
2021-12-28,2186.701416015625,2334.0,2334.0,2218.0,2218.0,153500
2021-12-29,2190.943603515625,2324.0,2324.0,2281.0,2288.0,100500
2021-12-30,2247.5087890625,2384.0,2411.0,2325.0,2352.0,32600
2022-01-04,2222.0546875,2357.0,2389.0,2327.0,2366.0,26400
2022-01-05,2235.2529296875,2371.0,2375.0,2322.0,2357.0,36700
2022-01-06,2195.657470703125,2329.0,2430.0,2329.0,2371.0,43300
2022-01-07,2203.199462890625,2337.0,2374.0,2293.0,2368.0,34400
2022-01-11,2160.77587890625,2292.0,2335.0,2250.0,2335.0,27200
2022-01-12,2281.447509765625,2420.0,2420.0,2310.0,2310.0,64200
2022-01-13,2294.64599609375,2434.0,2456.0,2393.0,2393.0,48600
2022-01-14,2339.897705078125,2482.0,2485.0,2419.0,2466.0,35800
2022-01-17,2299.359619140625,2439.0,2509.0,2418.0,2490.0,26400
2022-01-18,2256.93603515625,2394.0,2463.0,2378.0,2439.0,22200
2022-01-19,2174.917236328125,2307.0,2375.0,2287.0,2375.0,44100
2022-01-20,2198.4853515625,2332.0,2366.0,2291.0,2291.0,20000
2022-01-21,2233.367431640625,2369.0,2370.0,2298.0,2367.0,20500
2022-01-24,2231.48193359375,2367.0,2382.0,2322.0,2322.0,16200
2022-01-25,2098.5546875,2226.0,2349.0,2202.0,2347.0,23600
2022-01-26,2016.5355224609375,2139.0,2238.0,2132.0,2226.0,25500
2022-01-27,1900.57763671875,2016.0,2124.0,2006.0,2124.0,35100
2022-01-28,1988.253173828125,2109.0,2124.0,2045.0,2045.0,25200
2022-01-31,2002.394287109375,2124.0,2160.0,2096.0,2096.0,22600
2022-02-01,2032.562255859375,2156.0,2171.0,2120.0,2120.0,20800
2022-02-02,2142.86376953125,2273.0,2285.0,2152.0,2178.0,19200
2022-02-03,2047.6463623046875,2172.0,2259.0,2164.0,2259.0,15400
2022-02-04,2092.898193359375,2220.0,2221.0,2134.0,2173.0,18700
2022-02-07,2068.386474609375,2194.0,2218.0,2164.0,2183.0,18400
2022-02-08,2046.7034912109375,2171.0,2200.0,2157.0,2196.0,15000
2022-02-09,2049.531982421875,2174.0,2180.0,2133.0,2180.0,18900
2022-02-10,2074.04296875,2200.0,2200.0,2152.0,2179.0,19600
2022-02-14,1979.7685546875,2100.0,2180.0,2100.0,2180.0,17100
2022-02-15,2044.8179931640625,2169.0,2180.0,2110.0,2148.0,40100
2022-02-16,2154.1767578125,2285.0,2310.0,2171.0,2175.0,42600
2022-02-17,2140.03564453125,2270.0,2270.0,2232.0,2270.0,18300
2022-02-18,2164.546630859375,2296.0,2330.0,2226.0,2236.0,23100
2022-02-21,2215.455078125,2350.0,2361.0,2282.0,2295.0,79500
2022-02-22,2205.085205078125,2339.0,2362.0,2266.0,2350.0,34400
2022-02-24,2203.199462890625,2337.0,2366.0,2289.0,2339.0,43700
2022-02-25,2210.74169921875,2345.0,2360.0,2300.0,2315.0,32600
2022-02-28,2265.421142578125,2403.0,2412.0,2334.0,2340.0,33400
2022-03-01,2333.298583984375,2475.0,2500.0,2448.0,2451.0,39500
2022-03-02,2277.67626953125,2416.0,2489.0,2415.0,2450.0,25200
2022-03-03,2359.6953125,2503.0,2557.0,2478.0,2500.0,33400
2022-03-04,2308.787353515625,2449.0,2503.0,2429.0,2503.0,28700
2022-03-07,2290.875,2430.0,2460.0,2407.0,2459.0,36800
2022-03-08,2128.722412109375,2258.0,2412.0,2220.0,2397.0,35300
2022-03-09,2225.825439453125,2361.0,2395.0,2298.0,2299.0,43700
2022-03-10,2312.558349609375,2453.0,2474.0,2390.0,2390.0,37700
2022-03-11,2306.9013671875,2447.0,2473.0,2323.0,2453.0,55100
2022-03-14,2232.42431640625,2368.0,2505.0,2356.0,2489.0,52800
2022-03-15,2332.35595703125,2474.0,2479.0,2359.0,2409.0,48000
2022-03-16,2373.836669921875,2518.0,2555.0,2483.0,2500.0,75300
2022-03-17,2492.622802734375,2644.0,2661.0,2518.0,2550.0,95400
2022-03-18,2597.267822265625,2755.0,2836.0,2648.0,2670.0,710500
2022-03-22,2639.69140625,2800.0,2858.0,2775.0,2790.0,67200
2022-03-23,2704.740966796875,2869.0,2875.0,2772.0,2830.0,55400
2022-03-24,2715.111083984375,2880.0,2921.0,2837.0,2886.0,51600
2022-03-25,2641.57666015625,2802.0,2873.0,2767.0,2873.0,39600
2022-03-28,2719.824951171875,2885.0,2901.0,2781.0,2798.0,39800
2022-03-29,2750.935302734375,2918.0,2928.0,2864.0,2900.0,46000
2022-03-30,2715.111083984375,2880.0,2950.0,2780.0,2950.0,57400
2022-03-31,2790.53076171875,2960.0,2968.0,2842.0,2842.0,69500
2022-04-01,2775.447021484375,2944.0,2960.0,2856.0,2910.0,39800
2022-04-04,2870.6640625,3045.0,3045.0,2906.0,2910.0,52900
2022-04-05,2894.233154296875,3070.0,3085.0,3010.0,3040.0,48600
2022-04-06,2913.087890625,3090.0,3115.0,3035.0,3050.0,46900
2022-04-07,2903.660400390625,3080.0,3090.0,2951.0,3040.0,66000
2022-04-08,2913.087890625,3090.0,3130.0,2987.0,3010.0,61200
2022-04-11,2931.942626953125,3110.0,3120.0,3030.0,3080.0,49900
2022-04-12,2817.870361328125,2989.0,3150.0,2972.0,3110.0,39000
2022-04-13,2922.515380859375,3100.0,3110.0,3000.0,3000.0,42500
2022-04-14,2979.080078125,3160.0,3165.0,3090.0,3090.0,25700
2022-04-15,2922.515380859375,3100.0,3160.0,3085.0,3160.0,20100
2022-04-18,2955.51123046875,3135.0,3160.0,3055.0,3060.0,30000
2022-04-19,3153.488525390625,3345.0,3370.0,3200.0,3200.0,79400
2022-04-20,3181.77099609375,3375.0,3410.0,3330.0,3395.0,51800
2022-04-21,3082.7822265625,3270.0,3370.0,3230.0,3370.0,35400
2022-04-22,3082.7822265625,3270.0,3335.0,3240.0,3270.0,38900
2022-04-25,3134.63330078125,3325.0,3340.0,3190.0,3215.0,52600
2022-04-26,3096.92333984375,3285.0,3360.0,3260.0,3320.0,44600
2022-04-27,3082.7822265625,3270.0,3305.0,3220.0,3235.0,53600
2022-04-28,3228.907958984375,3425.0,3430.0,3295.0,3390.0,53500
2022-05-02,3271.331787109375,3470.0,3490.0,3375.0,3410.0,32100
2022-05-06,3370.3203125,3575.0,3600.0,3450.0,3460.0,67800
2022-05-09,3285.47314453125,3485.0,3590.0,3430.0,3575.0,78400
2022-05-10,3271.331787109375,3470.0,3625.0,3370.0,3385.0,83300
2022-05-11,3365.606201171875,3570.0,3615.0,3410.0,3450.0,59700
2022-05-12,3408.0302734375,3615.0,3645.0,3500.0,3500.0,48200
2022-05-13,3667.285400390625,3890.0,3890.0,3615.0,3635.0,111600
2022-05-16,3610.720458984375,3830.0,3955.0,3760.0,3945.0,99400
2022-05-17,3770.987548828125,4000.0,4060.0,3850.0,3850.0,83000
2022-05-18,3893.544921875,4130.0,4150.0,4010.0,4025.0,90200
2022-05-19,3888.830810546875,4125.0,4170.0,4055.0,4060.0,72500
2022-05-20,3917.11328125,4155.0,4190.0,4100.0,4145.0,66600
2022-05-23,3926.540771484375,4165.0,4235.0,4160.0,4205.0,76900
2022-05-24,3851.121337890625,4085.0,4235.0,4045.0,4180.0,96600
2022-05-25,3676.712890625,3900.0,4105.0,3875.0,4100.0,113600
2022-05-26,3676.712890625,3900.0,4035.0,3890.0,4000.0,94200
2022-05-27,3615.434326171875,3835.0,3965.0,3830.0,3925.0,99700
2022-05-30,3610.720458984375,3830.0,3990.0,3800.0,3890.0,115200
2022-05-31,3554.155517578125,3770.0,3960.0,3770.0,3825.0,771800
2022-06-01,3681.426513671875,3905.0,3955.0,3780.0,3780.0,128200
2022-06-02,3351.465576171875,3555.0,3885.0,3530.0,3885.0,118200
2022-06-03,3370.3203125,3575.0,3685.0,3565.0,3625.0,82200
2022-06-06,3332.6103515625,3535.0,3555.0,3440.0,3555.0,65500
2022-06-07,3167.62939453125,3360.0,3535.0,3360.0,3520.0,70700
2022-06-08,3181.77099609375,3375.0,3480.0,3350.0,3430.0,74900
2022-06-09,3162.916015625,3355.0,3390.0,3295.0,3325.0,47900
2022-06-10,3040.3583984375,3225.0,3320.0,3215.0,3295.0,60700
2022-06-13,2974.366455078125,3155.0,3235.0,3140.0,3155.0,40900
2022-06-14,2865.950439453125,3040.0,3125.0,3030.0,3110.0,54600
2022-06-15,2666.088134765625,2828.0,3045.0,2821.0,3045.0,94400
2022-06-16,2642.51953125,2803.0,2907.0,2790.0,2850.0,89200
2022-06-17,2492.622802734375,2644.0,2720.0,2620.0,2653.0,76600
2022-06-20,2324.81396484375,2466.0,2644.0,2450.0,2644.0,98000
2022-06-21,2394.5771484375,2540.0,2630.0,2503.0,2531.0,67900
2022-06-22,2266.363525390625,2404.0,2553.0,2391.0,2540.0,73000
2022-06-23,2284.275634765625,2423.0,2497.0,2400.0,2403.0,73500
2022-06-24,2284.275634765625,2423.0,2423.0,2338.0,2397.0,68100
2022-06-27,2397.405517578125,2543.0,2693.0,2463.0,2463.0,77600
2022-06-28,2428.515869140625,2576.0,2585.0,2491.0,2521.0,83400
2022-06-29,2342.3916015625,2475.0,2554.0,2469.0,2530.0,68600
2022-06-30,2297.909912109375,2428.0,2480.0,2402.0,2480.0,65100
2022-07-01,2284.659912109375,2414.0,2500.0,2380.0,2457.0,58200
2022-07-04,2311.15966796875,2442.0,2453.0,2406.0,2432.0,33600
2022-07-05,2353.748779296875,2487.0,2516.0,2465.0,2465.0,35600
2022-07-06,2339.552490234375,2472.0,2505.0,2454.0,2480.0,33000
2022-07-07,2397.2841796875,2533.0,2561.0,2453.0,2487.0,51800
2022-07-08,2443.65869140625,2582.0,2635.0,2556.0,2558.0,86700
2022-07-11,2547.76513671875,2692.0,2712.0,2610.0,2610.0,69700
2022-07-12,2490.033203125,2631.0,2746.0,2611.0,2704.0,59600
2022-07-13,2511.80078125,2654.0,2681.0,2618.0,2625.0,39900
2022-07-14,2519.372314453125,2662.0,2666.0,2638.0,2641.0,40700
2022-07-15,2492.872802734375,2634.0,2667.0,2591.0,2667.0,43400
2022-07-19,2567.639892578125,2713.0,2721.0,2659.0,2661.0,40800
2022-07-20,2672.692626953125,2824.0,2838.0,2784.0,2810.0,64100
2022-07-21,2727.5849609375,2882.0,2897.0,2831.0,2831.0,46500
2022-07-22,2798.566650390625,2957.0,2976.0,2877.0,2891.0,67300
2022-07-25,2699.192138671875,2852.0,2927.0,2829.0,2927.0,55500
2022-07-26,2671.745849609375,2823.0,2900.0,2743.0,2880.0,64900
2022-07-27,2736.102783203125,2891.0,2904.0,2816.0,2816.0,28400
2022-07-28,2765.44189453125,2922.0,2933.0,2841.0,2925.0,35600
2022-07-29,2731.370849609375,2886.0,2953.0,2867.0,2923.0,36400
2022-08-01,2843.994873046875,3005.0,3005.0,2903.0,2936.0,45100
2022-08-02,2881.8515625,3045.0,3285.0,3020.0,3285.0,150000
2022-08-03,2872.387451171875,3035.0,3085.0,2980.0,3050.0,48100
2022-08-04,2900.780029296875,3065.0,3070.0,3005.0,3050.0,50000
2022-08-05,3014.3505859375,3185.0,3200.0,3055.0,3080.0,68400
2022-08-08,2962.29736328125,3130.0,3175.0,3105.0,3175.0,60400
2022-08-09,3047.475341796875,3220.0,3235.0,3105.0,3110.0,44500
2022-08-10,3004.88623046875,3175.0,3245.0,3115.0,3240.0,34100
2022-08-12,3108.99267578125,3285.0,3310.0,3250.0,3255.0,42400
2022-08-15,3071.1357421875,3245.0,3320.0,3190.0,3305.0,24100
2022-08-16,3080.599853515625,3255.0,3265.0,3180.0,3265.0,23400
2022-08-17,3132.653076171875,3310.0,3315.0,3260.0,3300.0,33800
2022-08-18,3142.117431640625,3320.0,3325.0,3245.0,3280.0,25000
2022-08-19,3175.241943359375,3355.0,3385.0,3330.0,3350.0,25100
2022-08-22,3137.38525390625,3315.0,3330.0,3280.0,3290.0,19600
2022-08-23,3123.18896484375,3300.0,3320.0,3255.0,3305.0,26200
2022-08-24,3137.38525390625,3315.0,3340.0,3290.0,3325.0,27400
2022-08-25,3198.902587890625,3380.0,3430.0,3345.0,3345.0,27400
2022-08-26,3184.7060546875,3365.0,3425.0,3365.0,3400.0,19400
2022-08-29,3056.939208984375,3230.0,3275.0,3175.0,3180.0,21800
2022-08-30,3198.902587890625,3380.0,3395.0,3270.0,3270.0,21200
2022-08-31,3227.295166015625,3410.0,3425.0,3255.0,3350.0,37300
2022-09-01,3161.0458984375,3340.0,3410.0,3325.0,3360.0,23600
2022-09-02,3094.79638671875,3270.0,3350.0,3230.0,3350.0,34000
2022-09-05,3075.86767578125,3250.0,3290.0,3230.0,3265.0,35400
2022-09-06,2967.029296875,3135.0,3220.0,3120.0,3220.0,50700
2022-09-07,2816.548583984375,2976.0,3050.0,2930.0,3020.0,47500
2022-09-08,2919.708740234375,3085.0,3120.0,3000.0,3010.0,35200
2022-09-09,3023.814697265625,3195.0,3205.0,3080.0,3080.0,34800
2022-09-12,3142.117431640625,3320.0,3405.0,3265.0,3265.0,38000
2022-09-13,3170.510009765625,3350.0,3375.0,3300.0,3340.0,16200
2022-09-14,3085.33203125,3260.0,3315.0,3220.0,3225.0,24000
2022-09-15,3090.064208984375,3265.0,3280.0,3220.0,3275.0,24100
2022-09-16,3014.3505859375,3185.0,3295.0,3180.0,3295.0,17000
2022-09-20,3118.456787109375,3295.0,3320.0,3205.0,3215.0,24900
2022-09-21,2962.29736328125,3130.0,3225.0,3065.0,3225.0,29800
2022-09-22,2933.90478515625,3100.0,3140.0,3045.0,3045.0,25700
2022-09-26,2787.20947265625,2945.0,3015.0,2940.0,3000.0,43000
2022-09-27,2757.87060546875,2914.0,2973.0,2909.0,2963.0,30800
2022-09-28,2872.387451171875,3035.0,3050.0,2933.0,2964.0,49700
2022-09-29,2948.10107421875,3115.0,3155.0,3065.0,3155.0,27100
2022-09-30,2933.90478515625,3100.0,3135.0,3045.0,3080.0,46400
2022-10-03,2948.10107421875,3115.0,3130.0,3065.0,3085.0,19000
2022-10-04,3108.99267578125,3285.0,3285.0,3165.0,3195.0,29900
2022-10-05,3080.599853515625,3255.0,3355.0,3235.0,3305.0,30800
2022-10-06,3260.419921875,3445.0,3485.0,3320.0,3340.0,60800
2022-10-07,3217.8310546875,3400.0,3445.0,3390.0,3390.0,31900
2022-10-11,3123.18896484375,3300.0,3365.0,3265.0,3365.0,48100
2022-10-12,3198.902587890625,3380.0,3410.0,3280.0,3300.0,32200
2022-10-13,3151.581787109375,3330.0,3400.0,3295.0,3400.0,30900
2022-10-14,3373.990234375,3565.0,3585.0,3425.0,3450.0,47700
2022-10-17,3274.6162109375,3460.0,3565.0,3450.0,3565.0,23200
2022-10-18,3345.59765625,3535.0,3570.0,3530.0,3530.0,23900
2022-10-19,3364.5263671875,3555.0,3560.0,3520.0,3540.0,22500
2022-10-20,3364.5263671875,3555.0,3585.0,3510.0,3515.0,26400
2022-10-21,3345.59765625,3535.0,3580.0,3510.0,3510.0,23900
2022-10-24,3383.45458984375,3575.0,3685.0,3550.0,3650.0,27800
2022-10-25,3449.7041015625,3645.0,3665.0,3610.0,3615.0,25200
2022-10-26,3497.025146484375,3695.0,3740.0,3680.0,3680.0,26200
2022-10-27,3444.971923828125,3640.0,3670.0,3600.0,3670.0,19200
2022-10-28,3444.971923828125,3640.0,3780.0,3600.0,3600.0,160900
2022-10-31,3506.4892578125,3705.0,3770.0,3620.0,3770.0,36600
2022-11-01,3492.293212890625,3690.0,3755.0,3680.0,3755.0,14600
2022-11-02,3501.757080078125,3700.0,3785.0,3680.0,3690.0,42200
2022-11-04,3421.311767578125,3615.0,3720.0,3595.0,3700.0,33900
2022-11-07,3440.239990234375,3635.0,3725.0,3560.0,3615.0,35000
2022-11-08,3383.45458984375,3575.0,3755.0,3565.0,3635.0,48500
2022-11-09,3355.06201171875,3545.0,3680.0,3535.0,3600.0,30300
2022-11-10,3279.348388671875,3465.0,3525.0,3440.0,3515.0,26200
2022-11-11,3355.06201171875,3545.0,3635.0,3530.0,3635.0,38200
2022-11-14,3303.009033203125,3490.0,3505.0,3400.0,3475.0,36700
2022-11-15,3331.401611328125,3520.0,3570.0,3470.0,3485.0,37500
2022-11-16,3411.84716796875,3605.0,3635.0,3505.0,3515.0,26600
2022-11-17,3468.632568359375,3665.0,3685.0,3585.0,3630.0,25800
2022-11-18,3426.043701171875,3620.0,3775.0,3620.0,3700.0,94700
2022-11-21,3383.45458984375,3575.0,3630.0,3565.0,3620.0,18400
2022-11-22,3577.470947265625,3780.0,3800.0,3640.0,3640.0,55100
2022-11-24,3724.166259765625,3935.0,3940.0,3780.0,3785.0,46500
2022-11-25,3686.30908203125,3895.0,3935.0,3865.0,3935.0,24500
2022-11-28,3624.791748046875,3830.0,3905.0,3815.0,3870.0,19200
2022-11-29,3610.595703125,3815.0,3845.0,3760.0,3810.0,29400
2022-11-30,3757.291015625,3970.0,3970.0,3800.0,3815.0,76700
2022-12-01,3624.791748046875,3830.0,3970.0,3830.0,3970.0,30100
2022-12-02,3482.828857421875,3680.0,3820.0,3665.0,3820.0,33000
2022-12-05,3392.918701171875,3585.0,3655.0,3555.0,3655.0,25800
2022-12-06,3317.205078125,3505.0,3565.0,3500.0,3560.0,23100
2022-12-07,3312.47314453125,3500.0,3550.0,3480.0,3495.0,22400
2022-12-08,3340.86572265625,3530.0,3570.0,3470.0,3570.0,23300
2022-12-09,3407.115234375,3600.0,3630.0,3490.0,3490.0,43500
2022-12-12,3411.84716796875,3605.0,3745.0,3550.0,3550.0,26000
2022-12-13,3478.096923828125,3675.0,3720.0,3635.0,3650.0,22500
2022-12-14,3463.900390625,3660.0,3725.0,3640.0,3705.0,16500
2022-12-15,3397.65087890625,3590.0,3665.0,3585.0,3630.0,13600
2022-12-16,3407.115234375,3600.0,3650.0,3510.0,3535.0,57200
2022-12-19,3397.65087890625,3590.0,3625.0,3560.0,3590.0,20200
2022-12-20,3208.366943359375,3390.0,3590.0,3370.0,3580.0,33500
2022-12-21,3090.064208984375,3265.0,3440.0,3250.0,3400.0,38700
2022-12-22,3142.117431640625,3320.0,3350.0,3225.0,3300.0,25300
2022-12-23,3108.99267578125,3285.0,3320.0,3200.0,3235.0,171800
2022-12-26,3222.563232421875,3405.0,3405.0,3270.0,3270.0,140200
2022-12-27,3312.47314453125,3500.0,3540.0,3440.0,3440.0,65800
2022-12-28,3284.080322265625,3470.0,3515.0,3430.0,3500.0,108800
2022-12-29,3286.963623046875,3420.0,3450.0,3320.0,3370.0,62200
2022-12-30,3450.350830078125,3590.0,3610.0,3430.0,3490.0,79300
2023-01-04,3205.270263671875,3335.0,3485.0,3300.0,3480.0,24100
2023-01-05,3109.16015625,3235.0,3325.0,3215.0,3285.0,30600
2023-01-06,3157.215087890625,3285.0,3285.0,3170.0,3185.0,29400
2023-01-10,3075.521728515625,3200.0,3350.0,3200.0,3245.0,20300
2023-01-11,3080.3271484375,3205.0,3280.0,3200.0,3225.0,15600
2023-01-12,3032.272216796875,3155.0,3215.0,3075.0,3215.0,20700
2023-01-13,3061.10498046875,3185.0,3215.0,3150.0,3155.0,23900
2023-01-16,3065.91064453125,3190.0,3215.0,3130.0,3160.0,17500
2023-01-17,3157.215087890625,3285.0,3305.0,3220.0,3220.0,19500
2023-01-18,3176.43701171875,3305.0,3365.0,3215.0,3345.0,16600
2023-01-19,3147.60400390625,3275.0,3310.0,3260.0,3305.0,11700
2023-01-20,3171.631591796875,3300.0,3345.0,3280.0,3280.0,10600
2023-01-23,3176.43701171875,3305.0,3395.0,3260.0,3340.0,18700
2023-01-24,3238.90869140625,3370.0,3400.0,3325.0,3340.0,31000
2023-01-25,3262.93603515625,3395.0,3425.0,3380.0,3405.0,14600
2023-01-26,3248.519775390625,3380.0,3450.0,3320.0,3400.0,24300
2023-01-27,3272.547119140625,3405.0,3415.0,3345.0,3405.0,23000
2023-01-30,3325.40771484375,3460.0,3500.0,3390.0,3475.0,27900
2023-01-31,3335.018798828125,3470.0,3535.0,3455.0,3460.0,24700
2023-02-01,3354.240966796875,3490.0,3585.0,3485.0,3505.0,17800
2023-02-02,3373.462890625,3510.0,3595.0,3500.0,3535.0,27400
2023-02-03,3262.93603515625,3395.0,3495.0,3390.0,3490.0,22900
2023-02-06,3243.714111328125,3375.0,3495.0,3355.0,3440.0,32700
2023-02-07,3166.825927734375,3295.0,3475.0,3295.0,3380.0,29800
2023-02-08,3176.43701171875,3305.0,3340.0,3245.0,3295.0,21500
2023-02-09,3195.6591796875,3325.0,3330.0,3290.0,3300.0,22900
2023-02-10,3176.43701171875,3305.0,3330.0,3125.0,3255.0,23200
2023-02-13,3157.215087890625,3285.0,3335.0,3245.0,3245.0,33200
2023-02-14,3075.521728515625,3200.0,3330.0,3170.0,3305.0,36900
2023-02-15,2897.718017578125,3015.0,3255.0,3000.0,3200.0,30400
2023-02-16,2874.651611328125,2991.0,3090.0,2950.0,3060.0,38200
2023-02-17,2767.00830078125,2879.0,2960.0,2835.0,2960.0,28400
2023-02-20,2840.05224609375,2955.0,2955.0,2880.0,2880.0,27900
2023-02-21,2862.1572265625,2978.0,2997.0,2955.0,2970.0,14400
2023-02-22,2788.152587890625,2901.0,3000.0,2892.0,2995.0,27200
2023-02-24,2827.557861328125,2942.0,2956.0,2901.0,2910.0,20500
2023-02-27,2838.1298828125,2953.0,2983.0,2927.0,2927.0,16900
2023-02-28,2767.00830078125,2879.0,2972.0,2869.0,2953.0,68500
2023-03-01,2759.3193359375,2871.0,2915.0,2851.0,2866.0,30800
2023-03-02,2759.3193359375,2871.0,2885.0,2799.0,2856.0,28400
2023-03-03,2854.46826171875,2970.0,2982.0,2858.0,2858.0,37100
2023-03-06,2871.768310546875,2988.0,3005.0,2933.0,2989.0,25300
2023-03-07,2888.10693359375,3005.0,3030.0,2985.0,2997.0,34900
2023-03-08,2888.10693359375,3005.0,3015.0,2981.0,3000.0,28700
2023-03-09,2921.745361328125,3040.0,3045.0,3005.0,3005.0,39300
2023-03-10,2797.763671875,2911.0,3015.0,2906.0,2970.0,53100
2023-03-13,2696.847900390625,2806.0,2861.0,2770.0,2861.0,34800
2023-03-14,2612.271240234375,2718.0,2744.0,2630.0,2726.0,62400
2023-03-15,2628.60986328125,2735.0,2749.0,2680.0,2718.0,45900
2023-03-16,2582.47705078125,2687.0,2713.0,2606.0,2647.0,46500
2023-03-17,2592.088134765625,2697.0,2735.0,2666.0,2714.0,62500
2023-03-20,2484.44482421875,2585.0,2683.0,2579.0,2655.0,42900
2023-03-22,2564.21630859375,2668.0,2714.0,2644.0,2670.0,47900
2023-03-23,2531.538818359375,2634.0,2657.0,2611.0,2657.0,32200
2023-03-24,2552.68310546875,2656.0,2672.0,2604.0,2620.0,41100
2023-03-27,2575.749267578125,2680.0,2696.0,2658.0,2679.0,49800
2023-03-28,2566.13818359375,2670.0,2718.0,2654.0,2718.0,33000
2023-03-29,2657.44287109375,2765.0,2766.0,2690.0,2690.0,60300
2023-03-30,2643.0263671875,2750.0,2782.0,2711.0,2770.0,35900
2023-03-31,2691.08154296875,2800.0,2814.0,2752.0,2776.0,32900
2023-04-03,2749.70849609375,2861.0,2876.0,2812.0,2841.0,35400
2023-04-04,2666.093017578125,2774.0,2839.0,2756.0,2838.0,52200
2023-04-05,2544.994140625,2648.0,2767.0,2642.0,2726.0,47500
2023-04-06,2493.094482421875,2594.0,2634.0,2580.0,2614.0,46500
2023-04-07,2486.366943359375,2587.0,2640.0,2572.0,2620.0,35800
2023-04-10,2498.861328125,2600.0,2617.0,2553.0,2594.0,54500
2023-04-11,2498.861328125,2600.0,2652.0,2579.0,2650.0,37400
2023-04-12,2502.70556640625,2604.0,2639.0,2584.0,2618.0,44100
2023-04-13,2518.08349609375,2620.0,2631.0,2585.0,2585.0,49500
2023-04-14,2556.52734375,2660.0,2670.0,2606.0,2629.0,47500
2023-04-17,2548.838623046875,2652.0,2694.0,2643.0,2662.0,35100
2023-04-18,2537.305419921875,2640.0,2677.0,2638.0,2676.0,30500
2023-04-19,2494.055908203125,2595.0,2625.0,2584.0,2614.0,32100
2023-04-20,2496.939208984375,2598.0,2611.0,2561.0,2585.0,37400
2023-04-21,2483.48388671875,2584.0,2618.0,2574.0,2598.0,39200
2023-04-24,2536.34423828125,2639.0,2639.0,2584.0,2584.0,27900
2023-04-25,2491.17236328125,2592.0,2648.0,2578.0,2630.0,50800
2023-04-26,2423.8955078125,2522.0,2566.0,2506.0,2561.0,39800
2023-04-27,2430.623046875,2529.0,2531.0,2500.0,2505.0,36400
2023-04-28,2513.27783203125,2615.0,2632.0,2541.0,2579.0,63300
2023-05-01,2546.916259765625,2650.0,2654.0,2607.0,2626.0,29000
2023-05-02,2539.2275390625,2642.0,2660.0,2616.0,2651.0,31300
2023-05-08,2543.072021484375,2646.0,2655.0,2605.0,2630.0,36500
2023-05-09,2586.3212890625,2691.0,2703.0,2635.0,2661.0,41100
2023-05-10,2720.87548828125,2831.0,2890.0,2720.0,2739.0,84700
2023-05-11,2701.653564453125,2811.0,2924.0,2784.0,2803.0,97900
2023-05-12,2651.67626953125,2759.0,2801.0,2743.0,2801.0,59100
2023-05-15,2688.1982421875,2797.0,2809.0,2745.0,2767.0,38300
2023-05-16,2711.264404296875,2821.0,2845.0,2774.0,2797.0,37400
2023-05-17,2675.703857421875,2784.0,2825.0,2767.0,2801.0,38300
2023-05-18,2638.220947265625,2745.0,2809.0,2739.0,2779.0,50200
2023-05-19,2606.50439453125,2712.0,2760.0,2701.0,2720.0,25100
2023-05-22,2606.50439453125,2712.0,2737.0,2678.0,2701.0,35100
2023-05-23,2533.4609375,2636.0,2736.0,2622.0,2698.0,50300
2023-05-24,2536.34423828125,2639.0,2659.0,2626.0,2630.0,29200
2023-05-25,2518.08349609375,2620.0,2643.0,2605.0,2617.0,39900
2023-05-26,2461.378173828125,2561.0,2630.0,2560.0,2620.0,51400
2023-05-29,2440.234130859375,2539.0,2603.0,2539.0,2603.0,51000
2023-05-30,2388.3349609375,2485.0,2536.0,2466.0,2527.0,55300
2023-05-31,2253.78076171875,2345.0,2458.0,2345.0,2441.0,108900
2023-06-01,2234.55859375,2325.0,2355.0,2314.0,2336.0,72300
2023-06-02,2271.08056640625,2363.0,2365.0,2313.0,2325.0,71400
2023-06-05,2297.030029296875,2390.0,2431.0,2375.0,2416.0,66000
2023-06-06,2255.702880859375,2347.0,2368.0,2319.0,2340.0,57500
2023-06-07,2226.869873046875,2317.0,2382.0,2314.0,2347.0,81900
2023-06-08,2218.219970703125,2308.0,2371.0,2292.0,2340.0,84200
2023-06-09,2266.27490234375,2358.0,2380.0,2300.0,2308.0,88700
2023-06-12,2309.5244140625,2403.0,2410.0,2346.0,2358.0,72600
2023-06-13,2325.86328125,2420.0,2428.0,2376.0,2414.0,66400
2023-06-14,2357.57958984375,2453.0,2470.0,2421.0,2439.0,56500
2023-06-15,2366.2294921875,2462.0,2488.0,2447.0,2450.0,38500
2023-06-16,2372.95703125,2469.0,2479.0,2422.0,2462.0,111100
2023-06-19,2380.64599609375,2477.0,2499.0,2441.0,2454.0,37200
2023-06-20,2361.423828125,2457.0,2476.0,2419.0,2454.0,49000
2023-06-21,2380.64599609375,2477.0,2512.0,2433.0,2440.0,45700
2023-06-22,2407.556640625,2505.0,2520.0,2487.0,2488.0,39700
2023-06-23,2298.9521484375,2392.0,2492.0,2380.0,2480.0,65700
2023-06-26,2206.686767578125,2296.0,2356.0,2296.0,2353.0,83000
2023-06-27,2214.37548828125,2304.0,2311.0,2251.0,2280.0,80200
2023-06-28,2260.508544921875,2352.0,2360.0,2268.0,2314.0,83700
2023-06-29,2217.07421875,2297.0,2348.0,2283.0,2312.0,85800
2023-06-30,2197.77001953125,2277.0,2325.0,2256.0,2320.0,87300
2023-07-03,2213.213623046875,2293.0,2293.0,2262.0,2262.0,61800
2023-07-04,2220.93505859375,2301.0,2326.0,2272.0,2283.0,78900
2023-07-05,2283.67333984375,2366.0,2368.0,2281.0,2281.0,74700
2023-07-06,2311.664306640625,2395.0,2457.0,2364.0,2367.0,92100
2023-07-07,2323.24658203125,2407.0,2425.0,2360.0,2370.0,101900
2023-07-10,2394.671875,2481.0,2499.0,2405.0,2414.0,110700
2023-07-11,2413.010498046875,2500.0,2510.0,2456.0,2493.0,87000
2023-07-12,2410.114990234375,2497.0,2518.0,2486.0,2510.0,61500
2023-07-13,2455.479736328125,2544.0,2553.0,2487.0,2500.0,61300
2023-07-14,2438.10595703125,2526.0,2605.0,2521.0,2582.0,62300
2023-07-18,2453.549072265625,2542.0,2561.0,2521.0,2521.0,38100
2023-07-19,2473.818603515625,2563.0,2590.0,2528.0,2574.0,55700
2023-07-20,2413.010498046875,2500.0,2576.0,2490.0,2571.0,50300
2023-07-21,2412.045654296875,2499.0,2519.0,2475.0,2506.0,39500
2023-07-24,2440.036376953125,2528.0,2548.0,2505.0,2537.0,49100
2023-07-25,2469.957763671875,2559.0,2564.0,2525.0,2528.0,39100
2023-07-26,2494.087890625,2584.0,2603.0,2550.0,2583.0,51400
2023-07-27,2486.3662109375,2576.0,2587.0,2533.0,2576.0,60800
2023-07-28,2541.3828125,2633.0,2633.0,2536.0,2570.0,244700
2023-07-31,2570.3388671875,2663.0,2694.0,2645.0,2683.0,82200
2023-08-01,2555.861083984375,2648.0,2684.0,2642.0,2654.0,48300
2023-08-02,2496.9833984375,2587.0,2619.0,2579.0,2619.0,51300
2023-08-03,2412.045654296875,2499.0,2585.0,2491.0,2550.0,65500
2023-08-04,2435.21044921875,2523.0,2528.0,2470.0,2477.0,34800
2023-08-07,2444.862548828125,2533.0,2549.0,2487.0,2487.0,33900
2023-08-08,2418.802001953125,2506.0,2550.0,2505.0,2522.0,34000
2023-08-09,2403.358642578125,2490.0,2577.0,2440.0,2550.0,79900
2023-08-10,2524.00927734375,2615.0,2620.0,2454.0,2489.0,80000
2023-08-14,2509.531005859375,2600.0,2652.0,2571.0,2617.0,39600
2023-08-15,2497.948486328125,2588.0,2618.0,2564.0,2609.0,20900
2023-08-16,2441.966796875,2530.0,2576.0,2530.0,2570.0,24200
2023-08-17,2414.941162109375,2502.0,2549.0,2472.0,2549.0,23200
2023-08-18,2365.715576171875,2451.0,2472.0,2438.0,2461.0,27900
2023-08-21,2388.880615234375,2475.0,2495.0,2428.0,2434.0,21200
2023-08-22,2619.564453125,2714.0,2735.0,2601.0,2625.0,166000
2023-08-23,2691.954833984375,2789.0,2795.0,2668.0,2716.0,78300
2023-08-24,2650.450927734375,2746.0,2830.0,2739.0,2800.0,51900
2023-08-25,2660.10302734375,2756.0,2780.0,2680.0,2696.0,52600
2023-08-28,2670.72021484375,2767.0,2785.0,2750.0,2756.0,19600
2023-08-29,2700.641357421875,2798.0,2798.0,2736.0,2736.0,22500
2023-08-30,2718.01513671875,2816.0,2820.0,2780.0,2802.0,28900
2023-08-31,2739.249755859375,2838.0,2860.0,2823.0,2835.0,35500
2023-09-01,2764.344970703125,2864.0,2873.0,2831.0,2835.0,32100
2023-09-04,2829.013671875,2931.0,2935.0,2879.0,2881.0,32400
2023-09-05,2829.013671875,2931.0,2937.0,2887.0,2909.0,45400
2023-09-06,2815.5009765625,2917.0,2950.0,2900.0,2900.0,35800
2023-09-07,2758.5537109375,2858.0,2925.0,2848.0,2896.0,47200
2023-09-08,2721.8759765625,2820.0,2866.0,2806.0,2808.0,41000
2023-09-11,2686.16357421875,2783.0,2820.0,2755.0,2804.0,19300
2023-09-12,2703.537353515625,2801.0,2829.0,2773.0,2800.0,23700
2023-09-13,2722.84130859375,2821.0,2833.0,2798.0,2798.0,23500
2023-09-14,2723.806640625,2822.0,2846.0,2799.0,2821.0,22900
2023-09-15,2754.693115234375,2854.0,2881.0,2823.0,2872.0,71900
2023-09-19,2692.919921875,2790.0,2830.0,2714.0,2830.0,29700
2023-09-20,2656.2421875,2752.0,2820.0,2737.0,2808.0,59100
2023-09-21,2629.21630859375,2724.0,2820.0,2719.0,2802.0,25400
2023-09-22,2609.912353515625,2704.0,2728.0,2652.0,2710.0,43000
2023-09-25,2629.21630859375,2724.0,2746.0,2703.0,2726.0,30300
2023-09-26,2597.364501953125,2691.0,2711.0,2650.0,2711.0,51600
2023-09-27,2629.21630859375,2724.0,2726.0,2633.0,2651.0,64800
2023-09-28,2610.877685546875,2705.0,2716.0,2664.0,2706.0,46700
2023-09-29,2591.573486328125,2685.0,2732.0,2667.0,2732.0,52800
2023-10-02,2572.26953125,2665.0,2718.0,2663.0,2677.0,41700
2023-10-03,2526.90478515625,2618.0,2656.0,2605.0,2652.0,45100
2023-10-04,2460.3056640625,2549.0,2592.0,2538.0,2590.0,81600
2023-10-05,2551.034912109375,2643.0,2650.0,2560.0,2560.0,29400
2023-10-06,2578.060546875,2671.0,2702.0,2647.0,2647.0,21500
2023-10-10,2619.564453125,2714.0,2727.0,2669.0,2671.0,26600
2023-10-11,2609.912353515625,2704.0,2717.0,2672.0,2714.0,29000
2023-10-12,2691.954833984375,2789.0,2796.0,2708.0,2708.0,23700
2023-10-13,2660.10302734375,2756.0,2779.0,2743.0,2743.0,41000
2023-10-16,2627.2861328125,2722.0,2767.0,2702.0,2751.0,32700
2023-10-17,2632.112060546875,2727.0,2771.0,2704.0,2716.0,20600
2023-10-18,2664.928955078125,2761.0,2767.0,2710.0,2762.0,27600
2023-10-19,2618.59912109375,2713.0,2760.0,2710.0,2711.0,16700
2023-10-20,2653.346435546875,2749.0,2770.0,2719.0,2719.0,16900
2023-10-23,2636.93798828125,2732.0,2783.0,2732.0,2748.0,23200
2023-10-24,2624.390625,2719.0,2740.0,2647.0,2740.0,28900
2023-10-25,2613.773193359375,2708.0,2740.0,2684.0,2740.0,27000
2023-10-26,2579.02587890625,2672.0,2721.0,2660.0,2708.0,20900
2023-10-27,2653.346435546875,2749.0,2749.0,2672.0,2672.0,25800
2023-10-30,2579.02587890625,2672.0,2737.0,2665.0,2734.0,54800
2023-10-31,2651.416259765625,2747.0,2747.0,2691.0,2720.0,29000
2023-11-01,2683.267822265625,2780.0,2800.0,2742.0,2760.0,47300
2023-11-02,2690.024169921875,2787.0,2804.0,2763.0,2797.0,24200
2023-11-06,2757.588623046875,2857.0,2866.0,2801.0,2815.0,31800
2023-11-07,2742.145263671875,2841.0,2900.0,2830.0,2873.0,27800
2023-11-08,2649.485595703125,2745.0,2836.0,2707.0,2836.0,31700
2023-11-09,2690.989501953125,2788.0,2812.0,2765.0,2771.0,19900
2023-11-10,2696.78076171875,2794.0,2795.0,2739.0,2765.0,20500
2023-11-13,2705.467529296875,2803.0,2836.0,2762.0,2803.0,29900
2023-11-14,2739.249755859375,2838.0,2845.0,2791.0,2806.0,18500
2023-11-15,2782.683837890625,2883.0,2896.0,2843.0,2849.0,31200
2023-11-16,2711.2587890625,2809.0,2883.0,2795.0,2883.0,26400
2023-11-17,2740.215087890625,2839.0,2839.0,2801.0,2801.0,23000
2023-11-20,2672.650634765625,2769.0,2849.0,2764.0,2809.0,30400
2023-11-21,2689.05908203125,2786.0,2796.0,2753.0,2774.0,16600
2023-11-22,2662.99853515625,2759.0,2809.0,2757.0,2779.0,16600
2023-11-24,2644.65966796875,2740.0,2786.0,2740.0,2766.0,21400
2023-11-27,2605.086181640625,2699.0,2758.0,2686.0,2745.0,18400
2023-11-28,2639.833740234375,2735.0,2735.0,2676.0,2700.0,24000
2023-11-29,2609.912353515625,2704.0,2734.0,2698.0,2702.0,18300
2023-11-30,2606.051513671875,2700.0,2742.0,2682.0,2725.0,55500
2023-12-01,2586.74755859375,2680.0,2724.0,2674.0,2708.0,26000
2023-12-04,2552.000244140625,2644.0,2680.0,2629.0,2678.0,25600
2023-12-05,2530.765625,2622.0,2658.0,2622.0,2630.0,23900
2023-12-06,2586.74755859375,2680.0,2689.0,2613.0,2615.0,31000
2023-12-07,2516.28759765625,2607.0,2661.0,2605.0,2650.0,38700
2023-12-08,2458.375244140625,2547.0,2611.0,2536.0,2599.0,53700
2023-12-11,2460.3056640625,2549.0,2581.0,2523.0,2568.0,41200
2023-12-12,2429.4189453125,2517.0,2574.0,2497.0,2564.0,42400
2023-12-13,2420.732421875,2508.0,2549.0,2497.0,2512.0,32400
2023-12-14,2427.48876953125,2515.0,2518.0,2481.0,2491.0,60800
2023-12-15,2487.33154296875,2577.0,2585.0,2518.0,2565.0,59900
2023-12-18,2440.036376953125,2528.0,2545.0,2508.0,2527.0,54300
2023-12-19,2476.71435546875,2566.0,2573.0,2520.0,2527.0,43800
2023-12-20,2457.409912109375,2546.0,2589.0,2546.0,2577.0,57900
2023-12-21,2431.349609375,2519.0,2542.0,2499.0,2508.0,103900
2023-12-22,2456.445068359375,2545.0,2553.0,2519.0,2519.0,123000
2023-12-25,2476.71435546875,2566.0,2589.0,2544.0,2573.0,170900
2023-12-26,2498.913818359375,2589.0,2589.0,2566.0,2566.0,155500
2023-12-27,2536.556884765625,2628.0,2637.0,2590.0,2598.0,233300
2023-12-28,2540.501708984375,2576.0,2581.0,2505.0,2547.0,144100
2023-12-29,2596.716064453125,2633.0,2633.0,2583.0,2593.0,78400
2024-01-04,2579.950439453125,2616.0,2646.0,2586.0,2593.0,33400
2024-01-05,2566.143310546875,2602.0,2655.0,2592.0,2647.0,27900
2024-01-09,2605.592041015625,2642.0,2642.0,2602.0,2602.0,40100
2024-01-10,2571.074462890625,2607.0,2655.0,2607.0,2642.0,27700
2024-01-11,2545.432861328125,2581.0,2620.0,2574.0,2613.0,26900
2024-01-12,2507.956298828125,2543.0,2610.0,2543.0,2610.0,22000
2024-01-15,2511.9013671875,2547.0,2551.0,2531.0,2543.0,3000
2024-01-16,2438.921142578125,2473.0,2544.0,2473.0,2543.0,36900
2024-01-17,2392.568603515625,2426.0,2498.0,2426.0,2494.0,31200
2024-01-18,2368.8994140625,2402.0,2416.0,2389.0,2397.0,30800
2024-01-19,2375.802978515625,2409.0,2412.0,2388.0,2410.0,34000
2024-01-22,2417.22412109375,2451.0,2460.0,2413.0,2413.0,17300
2024-01-23,2405.3896484375,2439.0,2484.0,2434.0,2468.0,24800
2024-01-24,2380.734130859375,2414.0,2442.0,2408.0,2430.0,23100
2024-01-25,2417.22412109375,2451.0,2456.0,2411.0,2428.0,20300
2024-01-26,2377.775390625,2411.0,2460.0,2410.0,2437.0,24200
2024-01-29,2424.127685546875,2458.0,2461.0,2426.0,2429.0,14300
2024-01-30,2411.306884765625,2445.0,2478.0,2445.0,2458.0,14900
2024-01-31,2432.017578125,2466.0,2466.0,2429.0,2463.0,22100
2024-02-01,2423.1416015625,2457.0,2467.0,2430.0,2463.0,20500
2024-02-02,2427.08642578125,2461.0,2475.0,2453.0,2470.0,14900
2024-02-05,2491.190673828125,2526.0,2530.0,2482.0,2482.0,29900
2024-02-06,2455.686767578125,2490.0,2513.0,2487.0,2488.0,25500
2024-02-07,2436.948486328125,2471.0,2503.0,2469.0,2490.0,23600
2024-02-08,2409.33447265625,2443.0,2475.0,2416.0,2471.0,26900
2024-02-09,2396.513671875,2430.0,2454.0,2420.0,2422.0,22000
2024-02-13,2424.127685546875,2458.0,2460.0,2400.0,2431.0,46800
2024-02-14,2277.180908203125,2309.0,2435.0,2303.0,2423.0,62100
2024-02-15,2216.035400390625,2247.0,2322.0,2239.0,2309.0,43100
2024-02-16,2234.773681640625,2266.0,2311.0,2259.0,2297.0,30700
2024-02-19,2235.759765625,2267.0,2280.0,2254.0,2260.0,14200
2024-02-20,2219.980224609375,2251.0,2292.0,2251.0,2266.0,23300
2024-02-21,2229.842529296875,2261.0,2283.0,2247.0,2250.0,26700
2024-02-22,2213.07666015625,2244.0,2275.0,2237.0,2273.0,23300
2024-02-26,2210.1181640625,2241.0,2275.0,2231.0,2250.0,26400
2024-02-27,2228.856201171875,2260.0,2274.0,2237.0,2239.0,22200
2024-02-28,2235.759765625,2267.0,2296.0,2261.0,2265.0,17600
2024-02-29,2223.925048828125,2255.0,2283.0,2240.0,2277.0,33400
2024-03-01,2183.490234375,2214.0,2250.0,2210.0,2231.0,46800
2024-03-04,2182.50390625,2213.0,2246.0,2211.0,2245.0,30800
2024-03-05,2188.421142578125,2219.0,2231.0,2203.0,2213.0,22600
2024-03-06,2202.228271484375,2233.0,2247.0,2212.0,2216.0,34800
2024-03-07,2169.68310546875,2200.0,2238.0,2196.0,2238.0,34500
2024-03-08,2169.68310546875,2200.0,2216.0,2183.0,2190.0,41100
2024-03-11,2154.889892578125,2185.0,2199.0,2164.0,2180.0,44200
2024-03-12,2127.275634765625,2157.0,2176.0,2106.0,2176.0,59700
2024-03-13,2085.8544921875,2115.0,2156.0,2103.0,2156.0,62500
2024-03-14,2124.31689453125,2154.0,2157.0,2104.0,2105.0,31700
2024-03-15,2141.082763671875,2171.0,2176.0,2145.0,2158.0,36800
2024-03-18,2159.82080078125,2190.0,2205.0,2179.0,2191.0,25300
2024-03-19,2180.531494140625,2211.0,2211.0,2181.0,2198.0,19400
2024-03-21,2194.338623046875,2225.0,2240.0,2219.0,2220.0,30600
2024-03-22,2195.32470703125,2226.0,2253.0,2220.0,2224.0,38900
2024-03-25,2170.669189453125,2201.0,2243.0,2201.0,2224.0,33100
2024-03-26,2160.80712890625,2191.0,2199.0,2175.0,2186.0,21900
2024-03-27,2208.145751953125,2239.0,2261.0,2205.0,2207.0,53500
2024-03-28,2172.641845703125,2203.0,2254.0,2198.0,2249.0,26800
2024-03-29,2168.69677734375,2199.0,2225.0,2184.0,2215.0,25000
2024-04-01,2129.248046875,2159.0,2212.0,2159.0,2212.0,29400
2024-04-02,2110.510009765625,2140.0,2196.0,2140.0,2190.0,41900
2024-04-03,2083.882080078125,2113.0,2133.0,2111.0,2133.0,36700
2024-04-04,2074.019775390625,2103.0,2126.0,2093.0,2121.0,41600
2024-04-05,2068.1025390625,2097.0,2107.0,2080.0,2093.0,42200
2024-04-08,2023.7225341796875,2052.0,2115.0,2034.0,2115.0,60500
2024-04-09,2058.240234375,2087.0,2089.0,2048.0,2055.0,44000
2024-04-10,2047.391845703125,2076.0,2109.0,2076.0,2085.0,50300
2024-04-11,2014.8465576171875,2043.0,2059.0,2036.0,2052.0,35300
2024-04-12,2011.887939453125,2040.0,2071.0,2036.0,2056.0,44300
2024-04-15,2003.9981689453125,2032.0,2047.0,2024.0,2038.0,35700
2024-04-16,2182.50390625,2213.0,2250.0,2188.0,2205.0,226700
2024-04-17,2084.8681640625,2114.0,2193.0,2114.0,2176.0,81900
2024-04-18,2140.096435546875,2170.0,2180.0,2114.0,2114.0,42100
2024-04-19,2047.391845703125,2076.0,2160.0,2060.0,2160.0,80100
2024-04-22,2119.385986328125,2149.0,2150.0,2115.0,2126.0,60800
2024-04-23,2129.248046875,2159.0,2190.0,2143.0,2149.0,25700
2024-04-24,2296.905517578125,2329.0,2350.0,2270.0,2300.0,138800
2024-04-25,2357.064697265625,2390.0,2398.0,2312.0,2320.0,114900
2024-04-26,2366.927001953125,2400.0,2400.0,2312.0,2345.0,82100
2024-04-30,2390.59619140625,2424.0,2454.0,2400.0,2450.0,65200
2024-05-01,2394.541259765625,2428.0,2455.0,2403.0,2424.0,34600
2024-05-02,2408.34814453125,2442.0,2458.0,2391.0,2400.0,35400
2024-05-07,2427.08642578125,2461.0,2489.0,2448.0,2450.0,49300
2024-05-08,2421.169189453125,2455.0,2505.0,2451.0,2453.0,63400
2024-05-09,2343.2578125,2376.0,2469.0,2361.0,2450.0,48100
2024-05-10,2242.663330078125,2274.0,2378.0,2266.0,2378.0,79600
2024-05-13,2344.243896484375,2377.0,2380.0,2300.0,2300.0,63600
2024-05-14,2413.279296875,2447.0,2452.0,2383.0,2384.0,73800
2024-05-15,2273.236083984375,2305.0,2414.0,2300.0,2413.0,118400
2024-05-16,2249.56689453125,2281.0,2327.0,2252.0,2327.0,91300
2024-05-17,2238.718505859375,2270.0,2271.0,2226.0,2260.0,50500
2024-05-20,2187.43505859375,2218.0,2245.0,2203.0,2230.0,88100
2024-05-21,2171.655517578125,2202.0,2234.0,2202.0,2225.0,61800
2024-05-22,2102.6201171875,2132.0,2205.0,2131.0,2204.0,116400
2024-05-23,2094.73046875,2124.0,2138.0,2102.0,2121.0,74600
2024-05-24,2110.510009765625,2140.0,2144.0,2071.0,2102.0,72000
2024-05-27,2109.523681640625,2139.0,2144.0,2090.0,2141.0,49000
2024-05-28,2141.082763671875,2171.0,2171.0,2120.0,2120.0,66200
2024-05-29,2118.399658203125,2148.0,2188.0,2131.0,2150.0,76600
2024-05-30,2133.19287109375,2163.0,2166.0,2126.0,2136.0,52300
2024-05-31,2152.917236328125,2183.0,2229.0,2150.0,2179.0,606000
2024-06-03,2131.220458984375,2161.0,2227.0,2161.0,2210.0,103000
2024-06-04,2154.889892578125,2185.0,2190.0,2160.0,2160.0,45400
2024-06-05,2118.399658203125,2148.0,2170.0,2143.0,2154.0,48400
2024-06-06,2100.647705078125,2130.0,2152.0,2130.0,2146.0,34000
2024-06-07,2103.6064453125,2133.0,2142.0,2126.0,2137.0,21000
2024-06-10,2123.330810546875,2153.0,2153.0,2133.0,2134.0,22800
2024-06-11,2125.30322265625,2155.0,2175.0,2148.0,2155.0,38000
2024-06-12,2120.3720703125,2150.0,2165.0,2142.0,2155.0,30000
2024-06-13,2090.785400390625,2120.0,2175.0,2120.0,2175.0,37300
2024-06-14,2150.94482421875,2181.0,2185.0,2107.0,2108.0,101900
2024-06-17,2094.73046875,2124.0,2146.0,2113.0,2139.0,87400
2024-06-18,2107.55126953125,2137.0,2168.0,2129.0,2138.0,45200
2024-06-19,2120.3720703125,2150.0,2176.0,2128.0,2128.0,71000
2024-06-20,2148.972412109375,2179.0,2179.0,2133.0,2138.0,139300
2024-06-21,2091.771728515625,2121.0,2187.0,2118.0,2177.0,238300
2024-06-24,2107.55126953125,2137.0,2151.0,2113.0,2115.0,150900
2024-06-25,2129.248046875,2159.0,2173.0,2143.0,2150.0,112100
2024-06-26,2147.0,2177.0,2178.0,2146.0,2146.0,85300
2024-06-27,2155.0,2155.0,2156.0,2133.0,2144.0,94600
2024-06-28,2151.0,2151.0,2180.0,2132.0,2180.0,96500
2024-07-01,2197.0,2197.0,2219.0,2155.0,2157.0,81100
2024-07-02,2202.0,2202.0,2226.0,2184.0,2197.0,41600
2024-07-03,2249.0,2249.0,2254.0,2195.0,2202.0,62000
2024-07-04,2263.0,2263.0,2285.0,2252.0,2285.0,26500
2024-07-05,2241.0,2241.0,2280.0,2236.0,2280.0,20100
2024-07-08,2243.0,2243.0,2281.0,2233.0,2241.0,52600
2024-07-09,2287.0,2287.0,2290.0,2252.0,2265.0,47600
2024-07-10,2257.0,2257.0,2281.0,2239.0,2281.0,57400
2024-07-11,2266.0,2266.0,2274.0,2240.0,2257.0,31900
2024-07-12,2313.0,2313.0,2320.0,2249.0,2263.0,50500
2024-07-16,2301.0,2301.0,2330.0,2300.0,2320.0,28500
2024-07-17,2346.0,2346.0,2349.0,2302.0,2327.0,38400
2024-07-18,2342.0,2342.0,2366.0,2324.0,2339.0,38700
2024-07-19,2319.0,2319.0,2330.0,2301.0,2321.0,40900
2024-07-22,2285.0,2285.0,2319.0,2267.0,2319.0,43200
2024-07-23,2307.0,2307.0,2336.0,2284.0,2284.0,36400
2024-07-24,2248.0,2248.0,2300.0,2245.0,2300.0,38200
2024-07-25,2225.0,2225.0,2243.0,2201.0,2239.0,47100
2024-07-26,2246.0,2246.0,2266.0,2213.0,2244.0,32600
2024-07-29,2290.0,2290.0,2299.0,2252.0,2276.0,69600
2024-07-30,2281.0,2281.0,2291.0,2254.0,2273.0,204700
2024-07-31,2340.0,2340.0,2343.0,2257.0,2296.0,62000
2024-08-01,2251.0,2251.0,2311.0,2251.0,2304.0,44200
2024-08-02,2090.0,2090.0,2223.0,2082.0,2223.0,120600
2024-08-05,1910.0,1910.0,2044.0,1872.0,2020.0,155300
2024-08-06,2071.0,2071.0,2128.0,2012.0,2027.0,60400
2024-08-07,2061.0,2061.0,2138.0,2028.0,2061.0,41200
2024-08-08,2028.0,2028.0,2078.0,2003.0,2050.0,32100
2024-08-09,2083.0,2083.0,2127.0,2039.0,2110.0,51000
2024-08-13,2133.0,2133.0,2135.0,2090.0,2090.0,30400
2024-08-14,2182.0,2182.0,2185.0,2133.0,2140.0,25300
2024-08-15,2190.0,2190.0,2193.0,2163.0,2182.0,20800
2024-08-16,2243.0,2243.0,2249.0,2213.0,2232.0,26000
2024-08-19,2199.0,2199.0,2245.0,2198.0,2198.0,20600
2024-08-20,2231.0,2231.0,2252.0,2204.0,2204.0,41700
2024-08-21,2177.0,2177.0,2215.0,2170.0,2202.0,30600
2024-08-22,2196.0,2196.0,2204.0,2177.0,2182.0,27800
2024-08-23,2149.0,2149.0,2192.0,2149.0,2177.0,74900
2024-08-26,2216.0,2216.0,2225.0,2129.0,2145.0,161400
2024-08-27,2245.0,2245.0,2275.0,2205.0,2233.0,76300
2024-08-28,2258.0,2258.0,2264.0,2235.0,2253.0,21400
2024-08-29,2275.0,2275.0,2280.0,2250.0,2258.0,17800
2024-08-30,2313.0,2313.0,2358.0,2297.0,2297.0,46900
2024-09-02,2277.0,2277.0,2326.0,2274.0,2326.0,17800
2024-09-03,2289.0,2289.0,2318.0,2280.0,2280.0,27300
2024-09-04,2241.0,2241.0,2265.0,2230.0,2231.0,34000
2024-09-05,2282.0,2282.0,2305.0,2230.0,2231.0,30900
2024-09-06,2274.0,2274.0,2315.0,2261.0,2315.0,25100
2024-09-09,2227.0,2227.0,2249.0,2206.0,2225.0,30400
2024-09-10,2201.0,2201.0,2232.0,2201.0,2217.0,29400
2024-09-11,2175.0,2175.0,2224.0,2158.0,2205.0,39900
2024-09-12,2214.0,2214.0,2232.0,2184.0,2225.0,22400
2024-09-13,2181.0,2181.0,2208.0,2170.0,2190.0,32300
2024-09-17,2197.0,2197.0,2210.0,2167.0,2182.0,40800
2024-09-18,2182.0,2182.0,2208.0,2156.0,2197.0,41600
2024-09-19,2156.0,2156.0,2190.0,2152.0,2180.0,96100
2024-09-20,2169.0,2169.0,2199.0,2137.0,2178.0,252000
2024-09-24,2156.0,2156.0,2170.0,2122.0,2169.0,154300
2024-09-25,2183.0,2183.0,2208.0,2130.0,2150.0,122900
2024-09-26,2268.0,2268.0,2270.0,2227.0,2233.0,70800
2024-09-27,2303.0,2303.0,2320.0,2270.0,2277.0,51400
2024-09-30,2254.0,2254.0,2280.0,2229.0,2253.0,58300
2024-10-01,2266.0,2266.0,2287.0,2253.0,2261.0,19500
2024-10-02,2251.0,2251.0,2278.0,2245.0,2259.0,28400
2024-10-03,2259.0,2259.0,2294.0,2254.0,2263.0,20100
2024-10-04,2286.0,2286.0,2297.0,2256.0,2266.0,23300
2024-10-07,2296.0,2296.0,2322.0,2291.0,2300.0,27900
2024-10-08,2261.0,2261.0,2309.0,2259.0,2290.0,21100
2024-10-09,2267.0,2267.0,2290.0,2256.0,2265.0,14500
2024-10-10,2277.0,2277.0,2287.0,2250.0,2287.0,15000
2024-10-11,2220.0,2220.0,2258.0,2220.0,2252.0,45300
2024-10-15,2218.0,2218.0,2234.0,2212.0,2220.0,48200
2024-10-16,2223.0,2223.0,2270.0,2205.0,2210.0,58400
2024-10-17,2223.0,2223.0,2242.0,2213.0,2223.0,92500
2024-10-18,2162.0,2162.0,2241.0,2162.0,2237.0,104800
2024-10-21,2162.0,2162.0,2180.0,2147.0,2180.0,152700
2024-10-22,2152.0,2152.0,2168.0,2139.0,2150.0,109600
2024-10-23,2141.0,2141.0,2171.0,2141.0,2156.0,63100
2024-10-24,2167.0,2167.0,2173.0,2145.0,2155.0,37200
2024-10-25,2145.0,2145.0,2179.0,2143.0,2164.0,34600
2024-10-28,2188.0,2188.0,2192.0,2150.0,2157.0,31900
2024-10-29,2201.0,2201.0,2206.0,2170.0,2185.0,31600
2024-10-30,2182.0,2182.0,2212.0,2180.0,2201.0,66000
2024-10-31,2209.0,2209.0,2230.0,2186.0,2204.0,49000
2024-11-01,2184.0,2184.0,2223.0,2183.0,2209.0,29700
2024-11-05,2199.0,2199.0,2249.0,2193.0,2234.0,41900
2024-11-06,2202.0,2202.0,2235.0,2190.0,2191.0,36400
2024-11-07,2264.0,2264.0,2270.0,2214.0,2214.0,75700
2024-11-08,2244.0,2244.0,2299.0,2244.0,2299.0,37000
2024-11-11,2246.0,2246.0,2250.0,2221.0,2244.0,31200
2024-11-12,2218.0,2218.0,2264.0,2216.0,2245.0,44300
2024-11-13,2242.0,2242.0,2258.0,2215.0,2215.0,42400
2024-11-14,2237.0,2237.0,2258.0,2229.0,2248.0,34700
2024-11-15,2241.0,2241.0,2246.0,2219.0,2241.0,34400
2024-11-18,2241.0,2241.0,2256.0,2234.0,2240.0,38900
2024-11-19,2247.0,2247.0,2267.0,2243.0,2246.0,38100
2024-11-20,2241.0,2241.0,2255.0,2230.0,2247.0,27400
2024-11-21,2266.0,2266.0,2267.0,2240.0,2247.0,33600
2024-11-22,2266.0,2266.0,2273.0,2230.0,2254.0,104500
2024-11-25,2271.0,2271.0,2335.0,2269.0,2335.0,122700
2024-11-26,2288.0,2288.0,2300.0,2266.0,2269.0,53900
2024-11-27,2280.0,2280.0,2311.0,2262.0,2300.0,77200
2024-11-28,2281.0,2281.0,2307.0,2266.0,2270.0,73800
2024-11-29,2293.0,2293.0,2314.0,2282.0,2289.0,94300
2024-12-02,2298.0,2298.0,2317.0,2295.0,2295.0,82400
2024-12-03,2271.0,2271.0,2307.0,2271.0,2293.0,81200
2024-12-04,2264.0,2264.0,2289.0,2261.0,2275.0,61200
2024-12-05,2265.0,2265.0,2283.0,2262.0,2266.0,90800
2024-12-06,2264.0,2264.0,2280.0,2252.0,2265.0,74500
2024-12-09,2277.0,2277.0,2294.0,2271.0,2286.0,146500
2024-12-10,2267.0,2267.0,2291.0,2267.0,2282.0,129600
2024-12-11,2234.0,2234.0,2271.0,2234.0,2260.0,144700
2024-12-12,2256.0,2256.0,2268.0,2227.0,2234.0,158000
2024-12-13,2256.0,2256.0,2267.0,2240.0,2240.0,157200
2024-12-16,2246.0,2246.0,2259.0,2230.0,2251.0,285400
2024-12-17,2272.0,2272.0,2282.0,2246.0,2263.0,115300
2024-12-18,2281.0,2281.0,2287.0,2258.0,2261.0,64700
2024-12-19,2358.0,2358.0,2372.0,2247.0,2254.0,257600
2024-12-20,2441.0,2441.0,2441.0,2359.0,2370.0,247400
2024-12-23,2490.0,2490.0,2492.0,2434.0,2436.0,265900
2024-12-24,2511.0,2511.0,2523.0,2450.0,2470.0,192200
